First Name,Last Name,Email,Phone,Gender,Department,Job Title,Years Of Experience,Salary
Jose,Lopez,joselopez0826@slingacademy.com,+1-971-533-4552x1542,male,Product,Machine Learning Engineer,3,6500.0
Douglas,Carter,douglascarter1370@slingacademy.com,881.633.0107,male,Product,DevOps Engineer,8,12000.0
Sherry,Foster,sherryfoster2166@slingacademy.com,001-966-861-0065x493,female,Product,Project Manager,9,12500.0
Charles,Fisher,charlesfisher3142@slingacademy.com,001-574-564-4648,male,Product,Project Manager,11,15500.0
Sharon,Hunter,sharonhunter4540@slingacademy.com,5838355842,female,Human Resource,HR Manager,3,6500.0
Joshua,Jacobs,joshuajacobs5993@slingacademy.com,053-913-2609,male,Product,Mobile Developer,15,12500.0
Charles,Marshall,charlesmarshall6986@slingacademy.com,701-932-8553,male,Product,Tester,9,10500.0
Karen,Tate,karentate7212@slingacademy.com,001-889-992-5260x62725,female,Product,Project Manager,11,13500.0
Jillian,Byrd,jillianbyrd8141@slingacademy.com,077-635-0084x1647,female,Product,Designer,9,12500.0
Melanie,Sharp,melaniesharp9505@slingacademy.com,(848)212-0230,female,Human Resource,HR Manager,14,13000.0
Brandy,Mckee,brandymckee10502@slingacademy.com,001-085-315-6112x464,female,Product,Mobile Developer,12,11000.0
Robert,Simpson,robertsimpson11956@slingacademy.com,496-469-5331x659,male,Human Resource,HR Manager,12,13000.0
George,Mckenzie,georgemckenzie12927@slingacademy.com,(843)416-2489,male,Product,DevOps Engineer,3,9500.0
Kelly,Smith,kellysmith13144@slingacademy.com,+1-380-230-4166,female,Product,Machine Learning Engineer,7,10500.0
David,Crawford,davidcrawford14269@slingacademy.com,(848)716-0019x0240,male,Product,Project Manager,12,15000.0
Carrie,Benson,carriebenson15473@slingacademy.com,+1-368-801-2914x8616,female,Human Resource,HR Manager,2,8000.0
Nicole,Smith,nicolesmith16873@slingacademy.com,289.372.5080x2156,female,Product,Project Manager,10,13000.0
Peter,Jimenez,peterjimenez17712@slingacademy.com,001-535-827-3787x317,male,Product,Machine Learning Engineer,14,15000.0
Sergio,Boyle,sergioboyle18346@slingacademy.com,3027626274,male,Product,DevOps Engineer,2,9000.0
Brianna,Moss,briannamoss19258@slingacademy.com,+1-529-287-4857x163,female,Product,DevOps Engineer,7,11500.0
Taylor,Garner,taylorgarner20135@slingacademy.com,931-244-1612x38767,female,Human Resource,HR Manager,1,5500.0
Melissa,Padilla,melissapadilla21212@slingacademy.com,(787)446-1738,female,Human Resource,HR Manager,12,12000.0
Zachary,Walker,zacharywalker22432@slingacademy.com,154-489-0248,male,Product,Tester,13,12500.0
Justin,Pena,justinpena23284@slingacademy.com,+1-099-174-5458x294,male,Product,Designer,12,14000.0
Vanessa,Reynolds,vanessareynolds24394@slingacademy.com,+1-357-911-9617x44729,female,Product,DevOps Engineer,8,11000.0
Robert,Suarez,robertsuarez25160@slingacademy.com,+1-121-053-2698x314,male,Product,Web Developer,2,8000.0
Thomas,Ellis,thomasellis26787@slingacademy.com,029.476.5817x88014,male,Product,Machine Learning Engineer,15,12500.0
Rodney,Porter,rodneyporter27817@slingacademy.com,+1-508-187-4826,male,Product,DevOps Engineer,11,13500.0
Danielle,Reyes,daniellereyes28626@slingacademy.com,(725)355-0896x3876,female,Product,Machine Learning Engineer,4,9000.0
Ashley,Kirby,ashleykirby29526@slingacademy.com,458.110.0220x9710,female,Product,Tester,5,7500.0
Tammy,Walker,tammywalker30478@slingacademy.com,+1-810-034-9706x602,female,Product,Designer,13,15500.0
Billy,Stewart,billystewart31162@slingacademy.com,745-157-5520,male,Product,Tester,15,13500.0
Terry,Parker,terryparker32514@slingacademy.com,255.599.0102,male,Product,Machine Learning Engineer,10,12000.0
Samantha,Hogan,samanthahogan33733@slingacademy.com,1138662041,female,Product,Mobile Developer,10,10000.0
David,Pham,davidpham34741@slingacademy.com,(106)836-9118x102,male,Product,Tester,8,11000.0
John,Duke,johnduke35988@slingacademy.com,622.245.2756,male,Product,DevOps Engineer,1,9500.0
Kristen,Thompson,kristenthompson36165@slingacademy.com,392.181.9671x23227,female,Product,Web Developer,15,14500.0
Daisy,Perry,daisyperry37751@slingacademy.com,+1-921-685-9612x0086,female,Human Resource,HR Manager,5,8500.0
Sarah,Smith,sarahsmith38777@slingacademy.com,(110)771-1347x58805,female,Product,Mobile Developer,9,9500.0
Elizabeth,Randolph,elizabethrandolph39424@slingacademy.com,001-048-278-1814x8904,female,Product,Tester,1,7500.0
William,Keller,williamkeller40664@slingacademy.com,903-521-4220x53915,male,Product,Tester,13,12500.0
George,Salas,georgesalas41205@slingacademy.com,088.890.2450x1927,male,Product,Machine Learning Engineer,6,10000.0
Alexander,Archer,alexanderarcher42234@slingacademy.com,001-335-037-7267x43704,male,Product,Designer,13,14500.0
Claire,Wagner,clairewagner43806@slingacademy.com,001-038-830-2184x508,female,Product,Designer,3,9500.0
David,Howard,davidhoward44250@slingacademy.com,(940)475-4836,male,Product,Mobile Developer,4,8000.0
Brett,Friedman,brettfriedman45210@slingacademy.com,+1-548-885-3476x195,male,Human Resource,HR Manager,5,7500.0
Shaun,Harris,shaunharris46399@slingacademy.com,(279)621-2475,male,Product,Tester,1,6500.0
Jason,Morris,jasonmorris47627@slingacademy.com,001-588-064-2677x4053,male,Product,DevOps Engineer,13,14500.0
Jesse,Mcdaniel,jessemcdaniel48906@slingacademy.com,600-434-1206x901,male,Product,Tester,15,13500.0
Jeffrey,Torres,jeffreytorres49686@slingacademy.com,547-005-1763x2506,male,Product,DevOps Engineer,1,8500.0
Bradley,Garcia,bradleygarcia50605@slingacademy.com,(267)794-5965,male,Product,Mobile Developer,12,11000.0
Brooke,Walker,brookewalker51656@slingacademy.com,954.740.2159,female,Product,Designer,9,12500.0
Jason,Boyd,jasonboyd52357@slingacademy.com,001-199-903-4307x52539,male,Human Resource,HR Manager,15,13500.0
Colleen,Cooper,colleencooper53488@slingacademy.com,001-075-516-4089x887,female,Product,Mobile Developer,12,11000.0
Laurie,Robinson,laurierobinson54859@slingacademy.com,989.611.2546,female,Product,Web Developer,14,14000.0
Tiffany,Novak,tiffanynovak55750@slingacademy.com,528-213-5280x73418,female,Human Resource,HR Manager,2,6000.0
Stephen,Coleman,stephencoleman56384@slingacademy.com,101.121.4803x8420,male,Product,Tester,13,12500.0
Jesse,Harris,jesseharris57320@slingacademy.com,001-466-805-0485,male,Product,DevOps Engineer,13,15500.0
Melissa,Calhoun,melissacalhoun58811@slingacademy.com,001-931-707-3027,female,Product,Web Developer,10,11000.0
Abigail,Tran,abigailtran59781@slingacademy.com,+1-121-704-1976x1624,female,Product,Designer,1,7500.0
Karen,Aguirre,karenaguirre60582@slingacademy.com,+1-159-954-5997x959,female,Product,DevOps Engineer,4,9000.0
Danielle,Morrison,daniellemorrison61958@slingacademy.com,001-256-780-2930x98623,female,Product,Tester,12,13000.0
Amanda,Thomas,amandathomas62598@slingacademy.com,001-629-462-1944,female,Product,Tester,8,11000.0
Samuel,Spencer,samuelspencer63136@slingacademy.com,(025)089-0360,male,Product,Tester,13,13500.0
Jessica,Ho,jessicaho64550@slingacademy.com,251-289-1532,female,Product,DevOps Engineer,8,11000.0
Kristy,Rhodes,kristyrhodes65595@slingacademy.com,001-482-958-2236x124,female,Product,Tester,10,11000.0
Kim,Hobbs,kimhobbs66795@slingacademy.com,114.830.3568x128,female,Product,DevOps Engineer,6,12000.0
Alexander,Matthews,alexandermatthews67189@slingacademy.com,(394)302-9258,male,Product,Machine Learning Engineer,11,12500.0
Jennifer,Phillips,jenniferphillips68231@slingacademy.com,(733)967-0336,female,Product,Web Developer,3,8500.0
Olivia,Thomas,oliviathomas69577@slingacademy.com,592-756-5695x9778,female,Product,Tester,14,12000.0
David,Walker,davidwalker70936@slingacademy.com,+1-173-846-6935x7118,male,Product,DevOps Engineer,4,9000.0
Donald,Lopez,donaldlopez71497@slingacademy.com,597.328.1460,male,Product,Tester,12,13000.0
Gregory,House,gregoryhouse72852@slingacademy.com,1541376919,male,Product,Tester,10,12000.0
Stacie,Diaz,staciediaz73980@slingacademy.com,110.987.1187x01990,female,Product,Designer,11,14500.0
Barbara,Burns,barbaraburns74745@slingacademy.com,001-724-808-4339x05491,female,Product,Mobile Developer,12,12000.0
Jeffrey,Cortez,jeffreycortez75947@slingacademy.com,768.794.6062,male,Product,Designer,1,6500.0
Daniel,Hernandez,danielhernandez76907@slingacademy.com,+1-653-006-3659,male,Product,Designer,11,14500.0
Eugene,Diaz,eugenediaz77721@slingacademy.com,625.556.6039x715,male,Product,Mobile Developer,13,11500.0
Donna,Nelson,donnanelson78212@slingacademy.com,001-666-637-1061,female,Product,DevOps Engineer,6,12000.0
Elizabeth,Jackson,elizabethjackson79740@slingacademy.com,129-182-2223x8234,female,Product,DevOps Engineer,11,14500.0
Karen,Martinez,karenmartinez80171@slingacademy.com,001-116-711-6587,female,Product,DevOps Engineer,2,9000.0
Tricia,Shaw,triciashaw81272@slingacademy.com,0250878834,female,Product,DevOps Engineer,2,9000.0
Michael,Davila,michaeldavila82903@slingacademy.com,9179864827,male,Product,Designer,4,8000.0
Heidi,Hill,heidihill83944@slingacademy.com,+1-480-021-8701x17016,female,Product,Tester,12,12000.0
Zachary,Bass,zacharybass84542@slingacademy.com,+1-872-139-6739x9455,male,Product,Designer,14,14000.0
James,Jones,jamesjones85542@slingacademy.com,001-039-712-8015,male,Product,Designer,13,13500.0
Angelica,Washington,angelicawashington86827@slingacademy.com,(720)496-1780x5033,female,Product,DevOps Engineer,2,9000.0
Michael,Rivera,michaelrivera87560@slingacademy.com,243-399-1129,male,Product,Mobile Developer,11,11500.0
Benjamin,Morales,benjaminmorales88167@slingacademy.com,(340)684-6223x44918,male,Product,DevOps Engineer,1,7500.0
Larry,Moore,larrymoore89810@slingacademy.com,320.169.9790x514,male,Product,Tester,10,11000.0
William,Oliver,williamoliver90133@slingacademy.com,629-088-9248x536,male,Product,DevOps Engineer,13,13500.0
Clayton,Smith,claytonsmith91585@slingacademy.com,8318062400,male,Product,Mobile Developer,11,11500.0
Tamara,Randall,tamararandall92806@slingacademy.com,001-483-384-8547x78248,female,Product,Machine Learning Engineer,1,8500.0
Antonio,Vaughn,antoniovaughn93914@slingacademy.com,542.795.3600x28212,male,Product,DevOps Engineer,4,9000.0
Larry,Chapman,larrychapman94225@slingacademy.com,001-539-747-0649,male,Product,DevOps Engineer,2,8000.0
Eugene,Mcintyre,eugenemcintyre95993@slingacademy.com,481-160-8125,male,Product,Web Developer,15,13500.0
Patricia,Suarez,patriciasuarez96182@slingacademy.com,(674)788-1168x659,female,Product,Machine Learning Engineer,13,12500.0
Melissa,Vasquez,melissavasquez97906@slingacademy.com,490-884-4764,female,Product,Tester,14,14000.0
Steven,Hodges,stevenhodges98463@slingacademy.com,001-651-909-2654x62888,male,Product,Mobile Developer,7,9500.0
Brian,Watkins,brianwatkins99530@slingacademy.com,2648820032,male,Product,Web Developer,10,12000.0
Zachary,Ellis,zacharyellis100365@slingacademy.com,+1-485-616-5391x8807,male,Product,Machine Learning Engineer,6,8000.0
Margaret,Maxwell,margaretmaxwell101132@slingacademy.com,137-430-7223,female,Product,Machine Learning Engineer,8,12000.0
Jeremy,Farmer,jeremyfarmer102519@slingacademy.com,0571661198,male,Product,Web Developer,13,12500.0
Rhonda,Park,rhondapark103152@slingacademy.com,498-878-6219,female,Product,Designer,5,10500.0
Jessica,Park,jessicapark104293@slingacademy.com,874-348-4705,female,Product,Machine Learning Engineer,2,6000.0
Lacey,Bender,laceybender105863@slingacademy.com,001-243-891-5674x423,female,Product,Mobile Developer,5,7500.0
Andrew,Silva,andrewsilva106899@slingacademy.com,3782883279,male,Product,Designer,10,11000.0
John,Escobar,johnescobar107479@slingacademy.com,661.598.4267x044,male,Product,Machine Learning Engineer,11,13500.0
Savannah,Woods,savannahwoods108958@slingacademy.com,(084)639-6565x41150,female,Product,Web Developer,13,12500.0
Cameron,Solis,cameronsolis109813@slingacademy.com,+1-654-849-0805x279,male,Product,DevOps Engineer,15,14500.0
Natasha,Johnson,natashajohnson110844@slingacademy.com,+1-538-767-6692x1656,female,Product,Machine Learning Engineer,8,12000.0
Mikayla,Oconnor,mikaylaoconnor111879@slingacademy.com,189.488.8815x56036,female,Product,DevOps Engineer,6,12000.0
Geoffrey,Fox,geoffreyfox112872@slingacademy.com,001-231-826-1761x9193,male,Product,Machine Learning Engineer,4,10000.0
Paul,Davis,pauldavis113627@slingacademy.com,+1-352-114-7038x011,male,Product,Mobile Developer,6,8000.0
Gregory,Kirk,gregorykirk114197@slingacademy.com,(622)794-0249x585,male,Product,Mobile Developer,15,14500.0
Ashley,Carrillo,ashleycarrillo115326@slingacademy.com,001-097-500-5888,female,Product,DevOps Engineer,8,13000.0
Brandon,White,brandonwhite116431@slingacademy.com,+1-197-659-8290x36913,male,Product,DevOps Engineer,5,11500.0
Kimberly,Miles,kimberlymiles117324@slingacademy.com,+1-810-231-0550,female,Product,Machine Learning Engineer,1,6500.0
Erin,Shannon,erinshannon118496@slingacademy.com,001-435-888-3180x25244,female,Product,Mobile Developer,12,12000.0
Briana,Chan,brianachan119472@slingacademy.com,077-570-4283,female,Product,Machine Learning Engineer,15,15500.0
Stephanie,Hill,stephaniehill120897@slingacademy.com,(765)304-0263x230,female,Product,Mobile Developer,11,10500.0
Brian,Kelly,briankelly121512@slingacademy.com,+1-029-019-2206x665,male,Product,Web Developer,1,7500.0
Susan,Lopez,susanlopez122455@slingacademy.com,573-472-7131,female,Product,Machine Learning Engineer,4,8000.0
Lisa,Edwards,lisaedwards123496@slingacademy.com,536.588.4331,female,Product,Machine Learning Engineer,13,11500.0
Sarah,Young,sarahyoung124295@slingacademy.com,001-105-720-6802x583,female,Product,Machine Learning Engineer,1,5500.0
Robert,Crawford,robertcrawford125258@slingacademy.com,(450)663-6253x153,male,Product,Machine Learning Engineer,4,10000.0
Leslie,Sullivan,lesliesullivan126106@slingacademy.com,161.488.4614x1551,female,Product,Web Developer,4,8000.0
Andrew,Carey,andrewcarey127469@slingacademy.com,4267904671,male,Product,Web Developer,7,8500.0
Rachel,Sawyer,rachelsawyer128143@slingacademy.com,(485)441-3528,female,Product,Machine Learning Engineer,5,10500.0
Erin,Nguyen,erinnguyen129457@slingacademy.com,+1-370-218-5389x8154,female,Product,DevOps Engineer,6,12000.0
Chelsea,Zuniga,chelseazuniga130857@slingacademy.com,911.596.7824x40746,female,Product,Machine Learning Engineer,13,13500.0
James,Johnson,jamesjohnson131732@slingacademy.com,358.400.3210,male,Product,DevOps Engineer,15,15500.0
Jamie,Ruiz,jamieruiz132932@slingacademy.com,001-015-657-5863x0258,female,Product,Web Developer,10,12000.0
Brandi,Evans,brandievans133334@slingacademy.com,(388)123-2730x36223,female,Product,Web Developer,15,12500.0
James,Obrien,jamesobrien134414@slingacademy.com,001-576-701-2547,male,Product,DevOps Engineer,11,13500.0
Zachary,Espinoza,zacharyespinoza135550@slingacademy.com,(395)465-0024x542,male,Product,Web Developer,4,7000.0
Brandon,Rosario,brandonrosario136853@slingacademy.com,5804460236,male,Product,Mobile Developer,11,11500.0
Jason,Rhodes,jasonrhodes137408@slingacademy.com,+1-182-210-6837x27845,male,Product,Mobile Developer,14,13000.0
Jesse,Michael,jessemichael138279@slingacademy.com,(372)150-9511,male,Product,Web Developer,4,8000.0
James,Knight,jamesknight139502@slingacademy.com,325.002.8388x1091,male,Product,DevOps Engineer,12,13000.0
Michael,Ramirez,michaelramirez140976@slingacademy.com,923.789.8867x807,male,Product,DevOps Engineer,14,14000.0
Peter,Mercado,petermercado141680@slingacademy.com,890-585-7726x64628,male,Product,Mobile Developer,6,8000.0
Jennifer,George,jennifergeorge142750@slingacademy.com,001-431-125-6069,female,Product,DevOps Engineer,6,12000.0
John,Arroyo,johnarroyo143445@slingacademy.com,6849186207,male,Product,DevOps Engineer,14,16000.0
Ashley,Mccann,ashleymccann144706@slingacademy.com,001-197-825-7624x4162,female,Product,DevOps Engineer,6,11000.0
Katherine,Robinson,katherinerobinson145254@slingacademy.com,(200)221-4696,female,Product,DevOps Engineer,1,9500.0
Megan,Clark,meganclark146589@slingacademy.com,(726)898-3126x779,female,Product,Web Developer,8,9000.0
Julia,Howe,juliahowe147924@slingacademy.com,270-885-8330x203,female,Product,Web Developer,6,10000.0
Karen,Roy,karenroy148958@slingacademy.com,001-579-003-5317x80657,female,Product,Web Developer,2,8000.0
Paul,Nguyen,paulnguyen149579@slingacademy.com,(601)907-3624x42015,male,Product,Mobile Developer,3,7500.0
Chelsea,Lewis,chelsealewis150833@slingacademy.com,406-096-8891x1387,female,Product,Web Developer,7,8500.0
Amy,Bell,amybell151917@slingacademy.com,819-364-7742x938,female,Product,Mobile Developer,13,12500.0
Paul,Allen,paulallen152653@slingacademy.com,2104766565,male,Product,Web Developer,7,9500.0
Felicia,Oliver,feliciaoliver153250@slingacademy.com,001-307-413-8100,female,Product,Mobile Developer,15,13500.0
Diana,Bowers,dianabowers154696@slingacademy.com,(472)461-2314,female,Product,Web Developer,13,11500.0
Cody,Peters,codypeters155715@slingacademy.com,+1-538-563-4682x108,male,Product,Mobile Developer,4,9000.0
Cameron,Gonzalez,camerongonzalez156415@slingacademy.com,001-671-656-9205,male,Product,Web Developer,3,6500.0
Shane,Benson,shanebenson157790@slingacademy.com,001-433-182-3042x4134,male,Product,Mobile Developer,4,9000.0
Jacob,Brooks,jacobbrooks158246@slingacademy.com,803-716-9920,male,Product,Mobile Developer,12,12000.0
William,Turner,williamturner159524@slingacademy.com,611.777.0181,male,Product,Web Developer,2,7000.0
Marcus,Logan,marcuslogan160274@slingacademy.com,631.001.6670x895,male,Product,Mobile Developer,9,11500.0
Jessica,Jones,jessicajones161943@slingacademy.com,001-510-870-8941x9602,female,Product,Mobile Developer,11,10500.0
Scott,Li,scottli162662@slingacademy.com,001-609-806-7966x06117,male,Product,Mobile Developer,2,8000.0
Chad,Roberson,chadroberson163836@slingacademy.com,001-589-932-4079,male,Product,Web Developer,9,10500.0
Ariana,Hernandez,arianahernandez164986@slingacademy.com,502-552-5808,female,Product,Mobile Developer,7,9500.0
Wanda,Forbes,wandaforbes165378@slingacademy.com,666-855-7253x02322,female,Product,Web Developer,4,8000.0
Elizabeth,Cortez,elizabethcortez166995@slingacademy.com,675.301.0657x798,female,Product,Mobile Developer,15,13500.0
Sharon,Smith,sharonsmith167643@slingacademy.com,(485)519-9948x286,female,Product,Mobile Developer,7,8500.0
Sherry,Oliver,sherryoliver168119@slingacademy.com,(104)702-6330,female,Product,Web Developer,12,11000.0
Elizabeth,Moses,elizabethmoses169460@slingacademy.com,+1-443-662-4948x52464,female,Product,Mobile Developer,5,9500.0
James,Ruiz,jamesruiz170513@slingacademy.com,001-589-861-6693x6009,male,Product,Mobile Developer,14,12000.0
John,Barber,johnbarber171306@slingacademy.com,600.551.1953x989,male,Product,Web Developer,8,9000.0
Becky,Mcpherson,beckymcpherson172833@slingacademy.com,+1-373-821-4858x946,female,Product,Mobile Developer,4,8000.0
Paul,Aguilar,paulaguilar173910@slingacademy.com,(114)183-5226x2535,male,Product,Mobile Developer,7,10500.0
Melissa,Lee,melissalee174553@slingacademy.com,262-107-4732,female,Product,Mobile Developer,15,12500.0
Brett,Cochran,brettcochran175894@slingacademy.com,+1-248-824-7621,male,Product,Mobile Developer,6,8000.0
Manuel,Carpenter,manuelcarpenter176712@slingacademy.com,9008123667,male,Product,Web Developer,15,13500.0
John,Wilson,johnwilson177732@slingacademy.com,+1-671-886-0776x042,male,Product,Mobile Developer,6,8000.0
Martin,Crawford,martincrawford178636@slingacademy.com,001-938-266-9979x463,male,Product,Mobile Developer,13,13500.0
Christine,Peterson,christinepeterson179380@slingacademy.com,240.063.9329x8093,female,Product,Mobile Developer,11,12500.0
Eric,Lambert,ericlambert180303@slingacademy.com,710-838-5229,male,Product,Mobile Developer,9,11500.0
Marcia,Huerta,marciahuerta181730@slingacademy.com,001-611-947-0019x85361,female,Product,Web Developer,2,6000.0
Jason,Ortiz,jasonortiz182417@slingacademy.com,+1-614-334-4322x00332,male,Product,Web Developer,2,6000.0
Lacey,Thomas,laceythomas183158@slingacademy.com,001-214-721-0561x945,female,Product,Web Developer,12,13000.0
Sarah,Freeman,sarahfreeman184104@slingacademy.com,786.837.6975x132,female,Product,Mobile Developer,12,11000.0
Michael,Galvan,michaelgalvan185269@slingacademy.com,+1-122-284-2113,male,Product,Mobile Developer,2,7000.0
Michael,Warner,michaelwarner186344@slingacademy.com,790-287-4075,male,Product,Web Developer,10,12000.0
Larry,Thompson,larrythompson187831@slingacademy.com,001-227-811-0040x004,male,Product,Mobile Developer,11,10500.0
James,Miller,jamesmiller188817@slingacademy.com,(124)599-3895x76772,male,Product,Web Developer,4,8000.0
Jasmine,Steele,jasminesteele189332@slingacademy.com,839-171-3582x4182,female,Product,Web Developer,8,9000.0
Joseph,Beck,josephbeck190630@slingacademy.com,+1-621-014-2831x0646,male,Product,Mobile Developer,10,10000.0
Wayne,Cohen,waynecohen191400@slingacademy.com,(304)813-7854x1708,male,Product,Web Developer,12,12000.0
Bailey,Reilly,baileyreilly192124@slingacademy.com,607.511.9983x28152,female,Product,Mobile Developer,10,10000.0
Zachary,Smith,zacharysmith193255@slingacademy.com,(407)091-5393x213,male,Product,Web Developer,8,9000.0
Jon,Leblanc,jonleblanc194166@slingacademy.com,401-896-0371x40763,male,Product,Mobile Developer,8,10000.0
Christina,Garza,christinagarza195209@slingacademy.com,273-987-3115,female,Product,Web Developer,15,12500.0
Jennifer,Jarvis,jenniferjarvis196425@slingacademy.com,063-012-6389x05736,female,Product,Mobile Developer,12,12000.0
Jordan,Smith,jordansmith197795@slingacademy.com,+1-701-460-3317x90916,female,Product,Mobile Developer,12,11000.0
Michael,Richardson,michaelrichardson198433@slingacademy.com,001-296-935-6456x91442,male,Product,Mobile Developer,2,7000.0
Michele,Stewart,michelestewart199622@slingacademy.com,944.042.1529,female,Product,Web Developer,1,6500.0
Jill,Gilbert,jillgilbert200238@slingacademy.com,970-269-2119x437,female,Product,Web Developer,2,7000.0
Lauren,Valentine,laurenvalentine201929@slingacademy.com,+1-399-375-1890x40884,female,Product,Web Developer,9,10500.0
Thomas,Hurst,thomashurst202619@slingacademy.com,2176055492,male,Product,Web Developer,11,11500.0
James,Stephens,jamesstephens203767@slingacademy.com,696-753-3875,male,Product,Web Developer,13,12500.0
Michael,Hoover,michaelhoover204888@slingacademy.com,(791)222-1972x3424,male,Product,Web Developer,2,6000.0
Terry,Jones,terryjones205308@slingacademy.com,905.333.2209x0122,male,Product,Mobile Developer,14,12000.0
Chad,Love,chadlove206812@slingacademy.com,(251)970-0774x9187,male,Product,Mobile Developer,14,14000.0
Elizabeth,Mcguire,elizabethmcguire207725@slingacademy.com,430.390.1485x7262,female,Product,Web Developer,6,9000.0
Paige,Bell,paigebell208541@slingacademy.com,930-636-6697x67326,female,Product,Mobile Developer,8,9000.0
Kevin,Logan,kevinlogan209549@slingacademy.com,001-449-766-2057,male,Product,Mobile Developer,4,9000.0
Erin,Watson,erinwatson210465@slingacademy.com,001-099-534-3868x24842,female,Product,Mobile Developer,6,8000.0
Andrea,Miller,andreamiller211495@slingacademy.com,(902)165-6805,female,Product,Mobile Developer,14,12000.0
Stephen,Anderson,stephenanderson212610@slingacademy.com,730-398-8945,male,Product,Web Developer,1,6500.0
Francisco,Montgomery,franciscomontgomery213199@slingacademy.com,(412)713-8016x79949,male,Product,Mobile Developer,6,10000.0
Mitchell,Olson,mitchellolson214770@slingacademy.com,+1-352-025-4146x308,male,Product,Web Developer,11,12500.0
Chad,Leonard,chadleonard215973@slingacademy.com,(451)560-3184x350,male,Product,Mobile Developer,12,13000.0
Sandra,Scott,sandrascott216155@slingacademy.com,420.609.2090,female,Product,Web Developer,6,9000.0
Terry,Jackson,terryjackson217785@slingacademy.com,(217)802-5632x0440,male,Product,Mobile Developer,11,11500.0
Kara,Palmer,karapalmer218843@slingacademy.com,(206)349-1934x449,female,Product,Mobile Developer,8,10000.0
Charles,Tapia,charlestapia219287@slingacademy.com,989-757-9111,male,Product,Mobile Developer,11,11500.0
Desiree,Gordon,desireegordon220719@slingacademy.com,004.508.2105,female,Product,Mobile Developer,3,8500.0
Danielle,Long,daniellelong221701@slingacademy.com,095.663.3357,female,Product,Web Developer,11,11500.0
Michael,Pratt,michaelpratt222863@slingacademy.com,001-149-139-6964,male,Product,Mobile Developer,3,6500.0
Jessica,West,jessicawest223271@slingacademy.com,140.721.9576x9819,female,Product,Mobile Developer,13,11500.0
David,Jennings,davidjennings224528@slingacademy.com,313.810.6293x369,male,Product,Web Developer,3,6500.0
Alex,Perry,alexperry225399@slingacademy.com,311-298-4100,male,Product,Web Developer,12,11000.0
John,Marsh,johnmarsh226383@slingacademy.com,001-710-599-6824x74838,male,Product,Web Developer,13,11500.0
Richard,Holder,richardholder227973@slingacademy.com,+1-977-600-1087x6268,male,Product,Mobile Developer,15,14500.0
Ryan,Ponce,ryanponce228430@slingacademy.com,5497597305,male,Product,Web Developer,3,6500.0
Dorothy,Riley,dorothyriley229235@slingacademy.com,+1-976-524-6785,female,Product,Mobile Developer,6,8000.0
Zachary,Scott,zacharyscott230929@slingacademy.com,543-674-1419x7292,male,Product,Web Developer,12,12000.0
Kenneth,Nelson,kennethnelson231962@slingacademy.com,947.820.6507x32405,male,Product,Mobile Developer,3,7500.0
Edgar,Lane,edgarlane232989@slingacademy.com,5537213761,male,Product,Web Developer,5,7500.0
Jeremy,Cox,jeremycox233665@slingacademy.com,+1-155-126-0581x524,male,Product,Mobile Developer,11,10500.0
Rhonda,Hernandez,rhondahernandez234624@slingacademy.com,767-860-5296,female,Product,Mobile Developer,10,12000.0
Ashley,Gilbert,ashleygilbert235265@slingacademy.com,+1-414-913-8588x9103,female,Product,Web Developer,7,9500.0
Sherri,Shaw,sherrishaw236318@slingacademy.com,919-763-5353,female,Product,Web Developer,10,10000.0
Ryan,Davis,ryandavis237378@slingacademy.com,(778)856-1719x931,male,Product,Mobile Developer,4,8000.0
Justin,Bradley,justinbradley238605@slingacademy.com,(402)457-2111,male,Product,Mobile Developer,14,12000.0
Christopher,Drake,christopherdrake239325@slingacademy.com,659-857-8858,male,Product,Mobile Developer,8,10000.0
Kristina,Clark,kristinaclark240366@slingacademy.com,094.521.1972x38513,female,Product,Mobile Developer,8,11000.0
Scott,Owens,scottowens241203@slingacademy.com,487.884.3426x95702,male,Product,Web Developer,10,11000.0
Rebecca,Nelson,rebeccanelson242295@slingacademy.com,+1-319-257-8912x87517,female,Product,Web Developer,2,6000.0
Erin,Green,eringreen243143@slingacademy.com,765-014-8238x735,female,Product,Web Developer,6,8000.0
Paul,Page,paulpage244316@slingacademy.com,001-548-349-5980x11429,male,Product,Mobile Developer,14,12000.0
Jamie,Ball,jamieball245933@slingacademy.com,001-521-608-0441,female,Product,Web Developer,9,9500.0
Sonya,Williams,sonyawilliams246594@slingacademy.com,001-534-324-6100x2516,female,Product,Mobile Developer,15,13500.0
Kevin,Burton,kevinburton247789@slingacademy.com,279-096-0603,male,Product,Web Developer,11,12500.0
Daniel,Joseph,danieljoseph248545@slingacademy.com,101-113-1630x442,male,Product,Mobile Developer,12,13000.0
Julie,Grimes,juliegrimes249383@slingacademy.com,671-825-5709,female,Product,Web Developer,2,8000.0
Melissa,Davis,melissadavis250849@slingacademy.com,771.340.7743x808,female,Product,Mobile Developer,5,8500.0
Sierra,Hoover,sierrahoover251500@slingacademy.com,001-012-427-6550,female,Product,Mobile Developer,8,9000.0
Christina,Sanders,christinasanders252570@slingacademy.com,0176247153,female,Product,Mobile Developer,10,12000.0
Adam,Pratt,adampratt253993@slingacademy.com,829.922.4683,male,Product,Web Developer,9,11500.0
Jesse,Gonzalez,jessegonzalez254758@slingacademy.com,853.691.9747,male,Product,Mobile Developer,5,9500.0
Debra,Cruz,debracruz255141@slingacademy.com,481.706.7985x840,female,Product,Mobile Developer,9,9500.0
Heather,Smith,heathersmith256903@slingacademy.com,+1-044-346-7655x68675,female,Product,Mobile Developer,13,13500.0
Patrick,Cook,patrickcook257553@slingacademy.com,975-551-0070,male,Product,Mobile Developer,4,7000.0
Robert,Weber,robertweber258519@slingacademy.com,018.297.6175x4163,male,Product,Web Developer,12,13000.0
Christopher,Thompson,christopherthompson259984@slingacademy.com,(850)197-6611,male,Product,Web Developer,15,12500.0
Michael,Campbell,michaelcampbell260288@slingacademy.com,168-469-7587,male,Product,Web Developer,12,13000.0
Alex,Brown,alexbrown261843@slingacademy.com,259.588.0503x6257,male,Product,Web Developer,2,8000.0
Chad,Allen,chadallen262856@slingacademy.com,+1-160-924-8899x786,male,Product,Mobile Developer,15,14500.0
Michael,Pearson,michaelpearson263156@slingacademy.com,8006107617,male,Product,Web Developer,12,12000.0
Connor,Lewis,connorlewis264203@slingacademy.com,(806)267-8045,male,Product,Mobile Developer,8,11000.0
Michael,Brown,michaelbrown265368@slingacademy.com,596-551-1329,male,Product,Mobile Developer,15,13500.0
Linda,Haynes,lindahaynes266256@slingacademy.com,331-850-1266x1106,female,Product,Web Developer,10,10000.0
Kathy,Palmer,kathypalmer267977@slingacademy.com,(616)797-1560x17533,female,Product,Mobile Developer,11,11500.0
Tammy,Ball,tammyball268622@slingacademy.com,8439547062,female,Product,Mobile Developer,11,12500.0
Sarah,Reed,sarahreed269508@slingacademy.com,001-177-232-8430x261,female,Product,Mobile Developer,6,9000.0
Emily,Page,emilypage270413@slingacademy.com,+1-859-269-6655,female,Product,Web Developer,14,14000.0
Tristan,Price,tristanprice271860@slingacademy.com,001-369-038-1224,male,Product,Web Developer,12,13000.0
Patrick,Skinner,patrickskinner272866@slingacademy.com,+1-655-446-8826x40636,male,Product,Web Developer,4,9000.0
Nicole,Castro,nicolecastro273645@slingacademy.com,(185)855-4760x61049,female,Product,Web Developer,2,7000.0
Patrick,Hughes,patrickhughes274901@slingacademy.com,+1-124-853-7387x3710,male,Product,Web Developer,6,9000.0
Phillip,Herrera,phillipherrera275275@slingacademy.com,400-991-8270x7992,male,Product,Web Developer,8,10000.0
Erin,Houston,erinhouston276594@slingacademy.com,(487)936-5416x279,female,Product,Web Developer,15,12500.0
Peter,Johnson,peterjohnson277260@slingacademy.com,+1-219-520-1055x479,male,Product,Web Developer,9,9500.0
April,Houston,aprilhouston278885@slingacademy.com,001-825-098-6223x1127,female,Product,Web Developer,13,13500.0
Adriana,Martinez,adrianamartinez279379@slingacademy.com,910.407.8536x8933,female,Product,Web Developer,14,14000.0
William,Peters,williampeters280160@slingacademy.com,599.847.1624x20379,male,Product,Web Developer,11,10500.0
Meagan,Henderson,meaganhenderson281679@slingacademy.com,373-405-5460x036,female,Product,Web Developer,14,13000.0
Charles,West,charleswest282748@slingacademy.com,524-024-2894x074,male,Product,Web Developer,4,8000.0
Robert,Jackson,robertjackson283718@slingacademy.com,(112)301-1517,male,Product,Web Developer,5,7500.0
Alec,Maldonado,alecmaldonado284703@slingacademy.com,+1-484-025-5906,male,Product,Web Developer,8,10000.0
Michele,Edwards,micheleedwards285984@slingacademy.com,4055420736,female,Product,Web Developer,13,11500.0
John,Hall,johnhall286135@slingacademy.com,067.730.7206x26078,male,Product,Web Developer,6,8000.0
Kristin,Perry,kristinperry287667@slingacademy.com,275.822.1785x29297,female,Product,Web Developer,7,8500.0
Lauren,Norton,laurennorton288333@slingacademy.com,911.635.9394x29045,female,Product,Web Developer,11,11500.0
Nancy,Soto,nancysoto289853@slingacademy.com,001-774-441-0174x8586,female,Product,Web Developer,11,10500.0
Michael,Howard,michaelhoward290465@slingacademy.com,6585788235,male,Product,Web Developer,7,8500.0
Johnny,Green,johnnygreen291247@slingacademy.com,001-923-032-1044x57810,male,Product,Web Developer,14,13000.0
Lauren,Thompson,laurenthompson292801@slingacademy.com,+1-691-327-2406x73013,female,Product,Web Developer,10,11000.0
Benjamin,Wilson,benjaminwilson293659@slingacademy.com,628-559-3098x06279,male,Product,Web Developer,1,7500.0
Stephanie,Vaughn,stephanievaughn294509@slingacademy.com,901.710.4683x57441,female,Product,Web Developer,7,8500.0
Melinda,Tyler,melindatyler295948@slingacademy.com,785-352-2310,female,Product,Web Developer,1,6500.0
Phyllis,Lin,phyllislin296465@slingacademy.com,471-829-6568,female,Product,Web Developer,9,10500.0
Jason,Williams,jasonwilliams297193@slingacademy.com,282.970.3806x592,male,Product,Web Developer,2,7000.0
Shelley,Hubbard,shelleyhubbard298522@slingacademy.com,421-623-0945x9287,female,Product,Web Developer,13,12500.0
Shawna,Choi,shawnachoi299727@slingacademy.com,(533)756-8696x245,female,Product,Web Developer,3,8500.0
Matthew,Gross,matthewgross300381@slingacademy.com,(634)561-4487x82457,male,Product,Web Developer,4,9000.0
Wesley,Leon,wesleyleon301160@slingacademy.com,780.596.2863x992,male,Product,Web Developer,1,6500.0
Steven,Peterson,stevenpeterson302389@slingacademy.com,001-509-989-9496x2175,male,Product,Web Developer,4,8000.0
Justin,Webster,justinwebster303889@slingacademy.com,001-990-293-4626,male,Product,Web Developer,14,12000.0
Daniel,Stanley,danielstanley304831@slingacademy.com,625.311.0983x89652,male,Product,Web Developer,5,9500.0
Walter,Crawford,waltercrawford305865@slingacademy.com,(477)112-0518,male,Product,Web Developer,11,12500.0
Danielle,Sparks,daniellesparks306909@slingacademy.com,(670)805-6201x50813,female,Product,Web Developer,13,13500.0
Corey,Rose,coreyrose307438@slingacademy.com,+1-058-620-9983x70605,male,Product,Web Developer,3,7500.0
Justin,Mann,justinmann308658@slingacademy.com,718-998-3978,male,Product,Web Developer,5,8500.0
William,Carter,williamcarter309814@slingacademy.com,(620)811-3763,male,Product,Web Developer,5,7500.0
Anthony,Colon,anthonycolon310908@slingacademy.com,001-388-080-7123x3000,male,Product,Web Developer,8,11000.0
Aaron,Holland,aaronholland311664@slingacademy.com,001-527-705-3200x648,male,Product,Web Developer,10,11000.0
Bill,Anderson,billanderson312597@slingacademy.com,(202)724-9857,male,Product,Web Developer,10,11000.0
Joseph,Moss,josephmoss313932@slingacademy.com,206-016-2029,male,Product,Web Developer,5,8500.0
Maureen,Phillips,maureenphillips314310@slingacademy.com,+1-837-401-4253x976,female,Product,Web Developer,11,10500.0
Michelle,Hooper,michellehooper315927@slingacademy.com,401.041.6802,female,Product,Web Developer,10,11000.0
Steven,Lewis,stevenlewis316948@slingacademy.com,+1-584-489-5663x896,male,Product,Web Developer,15,12500.0
Kevin,Rodriguez,kevinrodriguez317436@slingacademy.com,001-511-226-4416x83410,male,Product,Web Developer,9,10500.0
Adam,Bell,adambell318370@slingacademy.com,+1-426-702-6363x565,male,Product,Web Developer,10,11000.0
Danny,Mcdaniel,dannymcdaniel319786@slingacademy.com,(871)098-2647x80448,male,Product,Web Developer,3,7500.0